CDR3.beta,V,J,sel_factors,pgen,ppost
CASSLGAGGSGTEAFF,TRBV7-9,TRBJ1-1,10.977697000000001,3.2219886568492364e-10,3.537001641231414e-09
CASSTTGTEVFF,TRBV6-5,TRBJ1-1,8.533809,5.043818801395244e-13,4.304298480988381e-12
CASSGGLAGALAKNIQYF,TRBV5-1,TRBJ2-4,0.27976963,3.646258303755757e-10,1.0201123337551508e-10
CASSFLSSYEQYF,TRBV7-8,TRBJ2-7,7.686794,1.3386205161136324e-08,1.0289699889395381e-07
CASSSTGSSGNTIYF,TRBV6-6,TRBJ1-3,11.780357,4.767254433357492e-09,5.6159960854999314e-08
CASSPPFGRGETQYF,TRBV11-1,TRBJ2-5,8.674304,4.8282997631312985e-12,4.1882139989491617e-11
CASSITSGGASYEQYF,TRBV7-8,TRBJ2-7,4.1678553,1.5654416770672713e-10,6.52453433230295e-10
CASSDEKSRGYTF,TRBV25-1,TRBJ1-2,0.6895134,1.1208521680240255e-11,7.72842572790459e-12
CASSDTGGNTEAFF,TRBV2,TRBJ1-1,6.6593065000000005,2.363584922286433e-08,1.573983649817234e-07
CASSPAGAAYNEQFF,TRBV5-1,TRBJ2-1,9.475176,2.458731655929645e-09,2.3296914826443617e-08
CASSWGGQLTYEQYF,TRBV27,TRBJ2-7,0.8628530000000001,3.8246655979357656e-10,3.300124149328184e-10
CASSRQGADTGELFF,TRBV7-6,TRBJ2-2,8.855931,1.261754727880626e-09,1.1174013164904267e-08
CASSDHPRRRGNTIYF,TRBV6-4,TRBJ1-3,0.0027975170000000002,2.812185666757353e-11,7.867137193538315e-14
CASRDTSETQYF,TRBV5-1,TRBJ2-5,3.1272361,1.9218647619848806e-09,6.010124916527482e-09
CASSPWKLAGGTGELFF,TRBV11-2,TRBJ2-2,9.44974,3.421391071542752e-12,3.233125746666121e-11
CASSSGPSGETQYF,TRBV5-1,TRBJ2-5,9.838546000000001,5.003978968012192e-09,4.923187625529857e-08
CASSHRLAGFSSYNEQFF,TRBV14,TRBJ2-1,0.4158237,4.815345808171761e-10,2.0023349013138043e-10
CASRKDYLTDTQYF,TRBV6-6,TRBJ2-3,7.837687,2.7362202153704134e-11,2.1445637653648826e-10
CASTKAGGSSYEQYF,TRBV6-5,TRBJ2-7,2.0345106,5.005537075910253e-10,1.0183818302140529e-09
CASTLHFEGGPGELFF,TRBV5-1,TRBJ2-2,0.39895853,9.547465628845488e-15,3.809042890721582e-15
CASRSGLAKNIQYF,TRBV5-6,TRBJ2-4,0.77780026,4.359325689780148e-09,3.3906846635424467e-09
CATSGVGGQETQYF,TRBV11-3,TRBJ2-5,7.0827565,1.8418846138712e-11,1.3045620256727072e-10
CASSQDLTGGFGEAGELFF,TRBV14,TRBJ2-2,0.23352849999999997,1.1048248220578537e-13,2.5800807775140668e-14
CASSYRDRGEAFF,TRBV27,TRBJ1-1,0.90401345,1.0152666299499764e-08,9.17814693800066e-09
CASSLVGGDSPLHF,TRBV5-4,TRBJ1-6,11.736156,6.312861859401918e-09,7.408873451517923e-08
CASSRQGDYTEAFF,TRBV6-1,TRBJ1-1,9.889673,1.6351660947257151e-09,1.617125835857074e-08
CASSVGGTGGNQPQHF,TRBV9,TRBJ1-5,6.6934895999999995,5.98487235448699e-08,4.0059680572084344e-07
CASSLDPGSLHRGDTQYF,TRBV28,TRBJ2-3,0.15435556,3.0763909691047558e-15,4.7485803781053e-16
CASSRQALIAKNIQYF,TRBV2,TRBJ2-4,5.2039704,1.455169690537272e-11,7.572660043508176e-11
CASSPGQYGYTF,TRBV5-4,TRBJ1-2,6.1752725,3.505489554355953e-08,2.164735312049077e-07
CASRSERETQYF,TRBV25-1,TRBJ2-5,0.58205557,1.5557008182115926e-09,9.055043244635316e-10
CASGDVYGYTF,TRBV6-5,TRBJ1-2,8.735614,3.0727808917074727e-09,2.6842627232456524e-08
CASSIGSRPRPGANVLTF,TRBV19,TRBJ2-6,1.3615476,4.580056237582812e-12,6.2359645291487545e-12
CASSPTETGELFF,TRBV4-1,TRBJ2-2,5.146234,3.655875675297639e-09,1.8813991829743803e-08
CASSGEKLFF,TRBV19,TRBJ1-4,0.48706633,1.3274101583710152e-07,6.465367922852802e-08
CASSMGFNNEQFF,TRBV19,TRBJ2-1,2.6236756000000003,1.7316389600046921e-09,4.54325886104081e-09
CASSQGSGRIYEQYF,TRBV14,TRBJ2-7,1.0412706,2.5905125436598202e-09,2.6974245860573982e-09
CASVPGGSTEAFF,TRBV2,TRBJ1-1,6.105365,5.295834564615792e-10,3.2333001934778067e-09
CAIPIQGDGAFF,TRBV27,TRBJ1-1,0.10522539,2.246343730160103e-13,2.363723988674033e-14
CASSPQGYEQYF,TRBV14,TRBJ2-7,2.167421,2.3992880260677555e-07,5.200267498731935e-07
CASSIGGRGTGELFF,TRBV19,TRBJ2-2,10.522245,1.8947507482589167e-08,1.9937032358475187e-07
CASRRGPQETQYF,TRBV7-2,TRBJ2-5,0.89913833,6.542909848553863e-09,5.882981043816165e-09
CASSLDRELNYGYTF,TRBV7-8,TRBJ1-2,8.491029,6.623432424467826e-10,5.623975537633193e-09
CASHRGSSEKLFF,TRBV2,TRBJ1-4,5.5702643,1.0860587173387142e-10,6.049634143737414e-10
CASSGLTSGPSQQYF,TRBV5-4,TRBJ2-7,1.231252,8.687872628675004e-14,1.069696015912813e-13
CASSLEATNTEAFF,TRBV5-4,TRBJ1-1,10.313554,2.9403484381130287e-09,3.032544183697993e-08
CASRAQENTEAFF,TRBV10-1,TRBJ1-1,0.4308274,2.9956316575401517e-09,1.2906002254232929e-09
CASCVGHLTGELFF,TRBV5-1,TRBJ2-2,0.34124225,1.6538503447989869e-12,5.643636190746401e-13
CAISGIAGENEQFF,TRBV10-3,TRBJ2-1,6.901000999999999,2.8970353579870665e-10,1.999244383460484e-09
CASSPGTAYGYTF,TRBV18,TRBJ1-2,11.52342,4.44018537791575e-08,5.116612246999244e-07
CATSIGLAGGASQETQYF,TRBV15,TRBJ2-5,3.4302339999999996,2.011516648641495e-12,6.899972709988875e-12
CASSAGPPSGANVLTF,TRBV9,TRBJ2-6,4.085141,3.0640892573409666e-09,1.2517237210321305e-08
CASSLGVGTAGYTF,TRBV7-9,TRBJ1-2,5.31872,5.883189428239732e-10,3.1291036475015744e-09
CASSHWTGNTEAFF,TRBV11-2,TRBJ1-1,8.01792,1.3834463544095134e-09,1.1092361558122478e-08
CASSRGDTTNEKLFF,TRBV28,TRBJ1-4,1.1322359,1.541441853913209e-09,1.7452757811273039e-09
CASSHQGLATYEQYF,TRBV4-2,TRBJ2-7,3.4189222000000004,1.696401897098184e-10,5.799866082188145e-10
CASSLVTAQGTKDTQYF,TRBV5-1,TRBJ2-3,0.6161064,2.9027140576781205e-13,1.7883806820447905e-13
CASTNNSPLHF,TRBV7-2,TRBJ1-6,1.3932687,2.5357359744270787e-09,3.53296157582692e-09
CASSPSIVATNEKLFF,TRBV5-8,TRBJ1-4,6.9575119999999995,8.171166700045145e-12,5.6850989567609163e-11
CASSESWVAQYF,TRBV6-1,TRBJ2-5,8.254541,2.0118269074782653e-11,1.6606708491568403e-10
CASSPDRNYGYTF,TRBV18,TRBJ1-2,11.759326,7.921283735112122e-08,9.314895763028677e-07
CASSRQETQYF,TRBV5-6,TRBJ2-5,1.2906,1.9931877624356405e-07,2.5724080110078076e-07
CASGPGEKLFF,TRBV2,TRBJ1-4,6.684276,8.887953517189874e-09,5.9409535308178506e-08
CASSDSNQGCQPQHF,TRBV6-4,TRBJ1-5,0.10511264,7.436961937848611e-10,7.817187181109894e-11
CAWSGRTGGGYRGYTF,TRBV30,TRBJ1-2,0.92769194,1.134902542105374e-12,1.0528399370164719e-12
CASSRTGPNQPQHF,TRBV4-1,TRBJ1-5,5.216255,1.7597361574295066e-08,9.179232860682227e-08
CASSIGGIEQYF,TRBV19,TRBJ2-7,2.1132932,3.2312709257176894e-08,6.828622780740477e-08
CASSSTFDNPQYF,TRBV18,TRBJ2-3,5.074305000000001,2.880823462284118e-15,1.461817706450681e-14
CASSQPTGTGGGEQYF,TRBV4-1,TRBJ2-7,5.5164065,1.1116777715076243e-10,6.132466524784293e-10
CASKGEAGELFF,TRBV11-3,TRBJ2-2,1.5167148000000001,9.920161594303084e-10,1.5046056020817639e-09
CASSSGRGYGYTF,TRBV5-1,TRBJ1-2,2.1092222,1.2733880623535333e-07,2.6858583368292304e-07
CATSRVVLAGDNYEQYF,TRBV15,TRBJ2-7,0.28682736,1.0787576906477764e-11,3.094172157667405e-12
CASSLFSGGRGSYNEQFF,TRBV5-8,TRBJ2-1,1.2818036,9.093591296145404e-12,1.1656198132537086e-11
CASSLDGEQYF,TRBV7-2,TRBJ2-7,6.902025999999999,5.2317246824331925e-08,3.6109500706147253e-07
CASSYFFGGELFF,TRBV6-5,TRBJ2-2,7.735848,3.243648719294345e-10,2.509237329561389e-09
CASSMAGLMKNTEAFF,TRBV19,TRBJ1-1,2.003823,4.250590203045643e-12,8.517430590604818e-12
CSVAGGSTDTQYF,TRBV29-1,TRBJ2-3,7.0893235,1.0692068589067526e-07,7.579953333299067e-07
CASSPFQGAVDYGYTF,TRBV4-1,TRBJ1-2,9.945898,5.877003323590397e-12,5.845207593138119e-11
CASSIGTGYYNEQFF,TRBV19,TRBJ2-1,10.305276,3.4399431470431736e-09,3.544956326925629e-08
CASTRVGNQPQHF,TRBV2,TRBJ1-5,10.00195,8.324863287573702e-09,8.326486855672065e-08
CASNPTGSNTGELFF,TRBV6-5,TRBJ2-2,3.060457,4.472606168489794e-10,1.3688218817219511e-09
CASSYLRGTEAFF,TRBV6-5,TRBJ1-1,5.9665627,1.0714283393730287e-07,6.392744416806746e-07
CASSPGTGVAGELFF,TRBV13,TRBJ2-2,2.9461212000000003,2.8648840943223557e-09,8.440295811149255e-09
CASIKGGAGPEAFF,TRBV2,TRBJ1-1,3.5096726,4.179804083320993e-12,1.4669744039123973e-11
CASSIATFLTDTQYF,TRBV7-9,TRBJ2-3,2.1013682,4.17575395398104e-12,8.774796523393906e-12
CASSPTGLGNQPQHF,TRBV19,TRBJ1-5,10.633327,4.9419596768151085e-09,5.254947094392453e-08
CASSLGRQGRRDEKLFF,TRBV5-1,TRBJ1-4,0.3133597,7.93054572377491e-11,2.4851134890623012e-11
CASSWTGANYGYTF,TRBV7-9,TRBJ1-2,5.552462599999999,2.999713558068647e-08,1.6655797275354916e-07
CASSPLARDTEAFF,TRBV18,TRBJ1-1,8.714611,5.862632797365537e-09,5.109056457833868e-08
CASTTSVGIPNEQYF,TRBV5-4,TRBJ2-7,1.9691253,1.1437611103613376e-14,2.2522089062205378e-14
CASSQSGQGQGTEAFF,TRBV11-1,TRBJ1-1,7.1186194,8.861630266659409e-13,6.3082573503934004e-12
CASSAFGGNTIYF,TRBV19,TRBJ1-3,9.505065,4.707168475724593e-10,4.474194215964108e-09
CASSPKPGQTAYEQYF,TRBV7-9,TRBJ2-7,1.7554101999999998,2.802400054876795e-11,4.9193616251093616e-11
CASSLGDINGEKLFF,TRBV5-1,TRBJ1-4,7.980979400000001,2.5420271718094198e-11,2.028786660073254e-10
CASSPYRVLGMNTEAFF,TRBV18,TRBJ1-1,1.0783191,4.334391157125501e-11,4.673856653372026e-11
CAISESWTGRQPQHF,TRBV10-3,TRBJ1-5,2.5479963,1.274897167749296e-09,3.2484332440938083e-09
CASSPSGFQETQYF,TRBV7-8,TRBJ2-5,10.80584,1.5977334247428425e-09,1.7264851013187798e-08
CASRAFGSPLHF,TRBV6-5,TRBJ1-6,5.630949,4.815119107591884e-10,2.711369022193519e-09
CSVGTSGGEDTQYF,TRBV29-1,TRBJ2-3,4.294689,2.090908000678242e-09,8.979799963682492e-09
CASSSTNGGPQHF,TRBV5-4,TRBJ1-5,4.7419667,2.2237191345431266e-11,1.0544802140405627e-10
